month,n_month,flow_mean,flow_sd,rotation_mean,rotation_sd,effect_pump_10_mean,effect_pump_10_sd,vibr_bear_as_x_mean,vibr_bear_as_x_sd,vibr_bear_as_y_mean,vibr_bear_as_y_sd,vibr_bear_bs_x_mean,vibr_bear_bs_x_sd,vibr_bear_bs_y_mean,vibr_bear_bs_y_sd,month_indicator_mean,month_indicator_sd
Apr,1828,14972.596219637768,1106.030708490369,277.32574144493805,18.576863215443538,577.9267235062814,112.95022805369642,1.4265302117642211,0.37441638186070164,1.4487661090772386,0.41158365598283175,0.7452259266898786,0.2105351744705341,0.7255821238174099,0.21195304095759918,2,0
Dec,2939,13635.36315480171,636.0884549025463,266.30059450206073,11.840041752558436,515.5414002477578,67.07123607054847,1.212413723140612,0.14183913031592288,1.1300468063603644,0.13641775911818416,0.6240028609781139,0.0768149303509683,0.5767946309439854,0.06813078154899166,7,0
Mar,153,13900.186082710872,922.7518226410259,271.3817316664574,17.027671495123048,537.9624755710133,98.25081684267096,1.3359411611456065,0.1880639164192533,1.3594876646799632,0.19931381864160505,0.6830384859055691,0.10446394255691002,0.6692271304531424,0.10365953462614735,1,0
May,5154,13501.276048415535,1389.417847717758,268.90015712722465,16.41284422097285,524.96860650424,96.09834565286445,1.280734481332384,0.2312749945964465,1.27662292078618,0.27602071972289943,0.6629933947771842,0.13488926508822538,0.6365904792691548,0.14306647786609808,3,0
Nov,7766,13655.287461812375,639.6998272197469,265.2959327782166,13.457710697683941,504.8074784459755,75.0001643602173,1.1929750050408705,0.15895715072612165,1.1171975928592852,0.15524891148992884,0.610643315104364,0.08838380924366208,0.5657912592102861,0.08043929304672087,6,0
Oct,11135,14084.868231974971,859.9226285051807,278.41433803585835,17.661583300571706,581.399707537892,102.97341141380646,1.4641885142646516,0.3356563963351404,1.3967241636510503,0.3238460093352058,0.7805126063146062,0.20827566229093256,0.7273445894805677,0.18899048385818015,5,0
Sep,10821,14817.75645439708,728.8709226345715,292.69997189431155,13.499584830630345,660.1095706940503,81.4764444271921,1.6831507880096654,0.25508905847687574,1.6836781517518689,0.2753693338170718,0.8916868566315639,0.14170436199190972,0.8535368654994719,0.13843359831207844,4,0
